gene_name,drug_name,interaction_type
MGMT,TRIAZENE COMPOUND,unknown
,ETHAMBUTOL HYDROCHLORIDE,inhibitor
,RIFAMPIN,inhibitor
,RIFABUTIN,inhibitor
,HETACILLIN,inhibitor
,CEPHALOTHIN SODIUM,inhibitor
,DISODIUM LATAMOXEF,inhibitor
,CEFOTIAM HYDROCHLORIDE,inhibitor
,CEFOXITIN SODIUM,inhibitor
,CEFTIZOXIME SODIUM,inhibitor
,CEFADROXIL ANHYDROUS,inhibitor
,ERTAPENEM,inhibitor
,IMIPENEM ANHYDROUS,inhibitor
,ERYTHROMYCIN STEARATE,inhibitor
,DIRITHROMYCIN,inhibitor
,ERYTHROMYCIN GLUCEPTATE,inhibitor
,DALFOPRISTIN,inhibitor
,CHLORTETRACYCLINE HYDROCHLORIDE,inhibitor
,QUINUPRISTIN,inhibitor
,OXYTETRACYCLINE HYDROCHLORIDE,inhibitor
,PAROMOMYCIN SULFATE,inhibitor
,ERYTHROMYCIN,inhibitor
,NEOMYCIN SULFATE,inhibitor
,LINEZOLID,inhibitor
,CAPREOMYCIN SULFATE,inhibitor
,PYRAZINAMIDE,inhibitor
,DIHYDROSTREPTOMYCIN SULFATE,inhibitor
,SULFADIMETHOXINE,inhibitor
,CL-184,inhibitor
,MEDI-564,inhibitor
,KB-001,inhibitor
,REGAVIRUMAB,inhibitor
,FELVIZUMAB,inhibitor
,RELEBACTAM,inhibitor
,RADALBUVIR,inhibitor
,TEDIZOLID,inhibitor
,PHENETHICILLIN,inhibitor
,TEMOCILLIN,inhibitor
,FLOXACILLIN,inhibitor
,RADEZOLID,inhibitor
,RAVIDASVIR,inhibitor
,MERICITABINE,inhibitor
,NEMONOXACIN,inhibitor
,ALX-0171,inhibitor
,TOLEVAMER SODIUM,binder
,BALAPIRAVIR,inhibitor
,ERYTHROMYCIN ACISTRATE,inhibitor
,SPIRAMYCIN,inhibitor
,ZOLIFLODACIN,inhibitor
,ALBACONAZOLE,inhibitor
,ABDAVOMERAN,vaccine
,REGDANVIMAB,inhibitor
,CASIRIVIMAB,inhibitor
,CX-024414,vaccine
MGMT,CHEMBL:CHEMBL485756,unknown
,RETASPIMYCIN HYDROCHLORIDE,inhibitor
,,unknown
,BI-847325,unknown
,APROCITENTAN,unknown
,NANOPARTICLE ALBUMIN-BOUND THIOCOLCHICINE DIMER NAB-5404,unknown
,PYROTINIB,unknown
,CALCIUM RELEASE-ACTIVATED CHANNELS INHIBITOR RP4010,unknown
,WNT SIGNALING PATHWAY INHIBITOR SM08502,unknown
,EGFR MUTANT-SPECIFIC INHIBITOR CK-101,unknown
,TOLINAPANT,unknown
,PT2385,unknown
,NYX-2925,unknown
,ROZANOLIXIZUMAB,unknown
,CONTEZOLID,unknown
,CONTEZOLID ACEFOSAMIL,unknown
,VILOBELIMAB,unknown
,DALOSIRVAT,unknown
,DEXMECAMYLAMINE,unknown
,FUROSEMIDE TOPICAL GEL CLS006,unknown
,JTT-251,unknown
,MARDEPODECT,unknown
,QUERCETIN-3'-O-PHOSPHATE,unknown
,DELEOBUVIR,unknown
,FALDAPREVIR,unknown
,ZIDOVUDINE,unknown
,ITACITINIB,unknown
,VALOMACICLOVIR STEARATE,unknown
,AEROLEF,unknown
,APAZIQUONE,unknown
,COBIMETINIB,unknown
,MIRDAMETINIB,unknown
,AVP-21D9,unknown
,LAGOCICLOVIR,unknown
,GLITAZONE,unknown
,DISUFENTON SODIUM,unknown
,PSORALEN,unknown
,DESFLURANE,unknown
,SULPHADOXINE,unknown
,APROBARBITAL,unknown
,CANNABIDIOL,unknown
,AMPHOTERICIN B LIPOSOMAL,unknown
,MARIBAVIR,unknown
,LEVORPHANOL,unknown
,AZTREONAM,unknown
,RAGAGLITAZAR,unknown
,KENPAULLONE,unknown
,ACETYLCHOLINE,unknown
,CHLORAMPHENICOL,unknown
,EPICATECHIN,unknown
,PARTHENOLIDE,unknown
,VATALANIB,unknown
,ALANOSINE,unknown
,MINOCYCLINE,unknown
,ATN-161,unknown
,CHEMBL:CHEMBL219684,unknown
,CEFPIRAMIDE,unknown
,TREBANANIB,unknown
,MAGNESIUM SULFATE ANHYDROUS,unknown
,GSK-364735,unknown
,QUINETHAZONE,unknown
,AMDINOCILLIN,unknown
,RABACFOSADINE,unknown
,SULFACETAMIDE,unknown
,SULFOXONE,unknown
,TRIFLURIDINE,unknown
,LEVAMLODIPINE,unknown
,IRON CARBONYL,unknown
,ZENUZOLAC,unknown
,TETRACYCLINE ANTIBIOTIC,unknown
,BIMATOPROST,unknown
,SERTACONAZOLE,unknown
,FOSCAVIR,unknown
,FUSIDATE,unknown
,PROFLAVINE,unknown
,CYTARABINE,unknown
,OXACILLIN,unknown
,PLOZALIZUMAB,unknown
,ACAMPROSATE CALCIUM,unknown
,CEFIXIME ANHYDROUS,unknown
,THIAMINE,unknown
,ZK-93423,unknown
,MK-2461,unknown
,E6201,unknown
,DRISAPERSEN,unknown
,CARBENICILLIN,unknown
,BMS-911543,unknown
,IMMU-114,unknown
,LOBEGLITAZONE,unknown
,AMENAMEVIR,unknown
,SQ-109,unknown
,FOSTEMSAVIR,unknown
,LAQUINIMOD,unknown
,PERAMPANEL,unknown
,SULFAMETHIZOLE,unknown
,DICYCLOPLATIN,unknown
,LUTETIUM LU 177 DOTATATE,unknown
,AVI-7288,unknown
,BENZBROMARONE,unknown
,CEPHAPIRIN,unknown
,FIALURIDINE,unknown
,SULOPENEM,unknown
,HEPTABARBITAL,unknown
,GEDIVUMAB,unknown
,ANDROGEN RECEPTOR ANTISENSE OLIGONUCLEOTIDE EZN-4176,unknown
,ARBEKACIN,unknown
,AUTOLOGOUS IC9-GD2CAR-CD28-CD3ZETA-IL-15-EXPRESSING T-LYMPHOCYTES,unknown
,AMIFOSTINE ANHYDROUS,unknown
,FOSPROPOFOL DISODIUM,unknown
,POLIDOCANOL,unknown
,PONATINIB,unknown
,OSORESNONTRINE,unknown
,ABCIXIMAB,unknown
,ACYCLOVIR,unknown
,AMCINONIDE,unknown
,AMINOSALICYLIC ACID,unknown
,ASENAPINE,unknown
,BRINZOLAMIDE,unknown
,BUTENAFINE,unknown
,CEFEPIME,unknown
,CEFTRIAXONE,unknown
,CEPHALOGLYCIN,unknown
,CICLOPIROX,unknown
,CIDOFOVIR ANHYDROUS,unknown
,PENCLOMEDINE,unknown
,BMS-214662,unknown
,EDOTREOTIDE,unknown
,PEGVORHYALURONIDASE ALFA,unknown
,CEFTOLOZANE SULFATE,unknown
,NETOGLITAZONE,unknown
,AMDOXOVIR,unknown
,METOCURINE IODIDE,unknown
,EMIVIRINE,unknown
,TIPIFARNIB,unknown
,CARBOPLATIN,unknown
,NEVIRAPINE,unknown
,PEVONEDISTAT,unknown
,JI-101,unknown
,TOBRAMYCIN,unknown
,CISPLATIN,unknown
,ADENINE,unknown
,AMANTADINE HYDROCHLORIDE,unknown
,ATAZANAVIR,unknown
,BIFONAZOLE,unknown
,DIFLUPREDNATE,unknown
,ELLIPTINIUM ACETATE,unknown
,RITUXIMAB,unknown
,MORANTEL TARTRATE,unknown
,[3H]NGD941,unknown
,UK-240455,unknown
,ZILUCOPLAN,unknown
,SODIUM STIBOGLUCONATE,unknown
,MOMELOTINIB,unknown
,SULFADOXINE,inhibitor
,RIMANTADINE HYDROCHLORIDE,inhibitor
,TELAPREVIR,inhibitor
,HEXACHLOROPHENE,inhibitor
,TRICLOSAN,inhibitor
,PALIVIZUMAB,inhibitor
,AZLOCILLIN SODIUM,inhibitor
,CLOTRIMAZOLE,inhibitor
,VORICONAZOLE,inhibitor
,TERCONAZOLE,inhibitor
,FLUCONAZOLE,inhibitor
,SULCONAZOLE NITRATE,inhibitor
,TIOCONAZOLE,inhibitor
,POSACONAZOLE,inhibitor
,OXICONAZOLE,inhibitor
,TROVAFLOXACIN MESYLATE,inhibitor
,MAFENIDE,inhibitor
,SULFISOXAZOLE DIOLAMINE,inhibitor
,SULFADIAZINE SODIUM,inhibitor
,TAZOBACTAM SODIUM,inhibitor
,CEFOTAXIME SODIUM,inhibitor
,SPECTINOMYCIN HYDROCHLORIDE,inhibitor
,RETAPAMULIN,inhibitor
,CIPROFLOXACIN,inhibitor
,LOMEFLOXACIN HYDROCHLORIDE,inhibitor
,GREPAFLOXACIN HYDROCHLORIDE,inhibitor
,GATIFLOXACIN ANHYDROUS,inhibitor
,SIMEPREVIR SODIUM,inhibitor
,PARITAPREVIR,inhibitor
,ELBASVIR,inhibitor
,URTOXAZUMAB,inhibitor
,CEFODIZIME,inhibitor
,TECOVIRIMAT,inhibitor
,SOVAPREVIR,inhibitor
,FURAPREVIR,inhibitor
,NARLAPREVIR,inhibitor
,PAZUFLOXACIN,inhibitor
,SITAFLOXACIN,inhibitor
,FOSRAVUCONAZOLE,inhibitor
,TNP-2092,inhibitor
,SETROBUVIR,inhibitor
,LOMIBUVIR,negative modulator
,TBA-7371,inhibitor
,ZIRESOVIR,inhibitor
,SISOMICIN,inhibitor
,CG-400549,inhibitor
,PSI-352938,inhibitor
,VALOPICITABINE,inhibitor
,RIFALAZIL,inhibitor
,VIS-410,inhibitor
,TRICHLORFON,inhibitor
,ADAGLOXAD SIMOLENIN,vaccine
,MACOZINONE,inhibitor
,LFF-571,inhibitor
,OTESECONAZOLE,inhibitor
,CEFILAVANCIN,inhibitor
,ENTRECTINIB,unknown
,RAMUCIRUMAB,unknown
,RASBURICASE,unknown
MGMT,HYCANTHONE,unknown
,CYSTEAMINE HYDROCHLORIDE,unknown
,GSK2838232,unknown
,LURBINECTEDIN,unknown
,NAPABUCASIN,unknown
,GIMSILUMAB,unknown
,CENERIMOD,unknown
,ZOLUNICANT,unknown
,CENTANAFADINE,unknown
,RAPASTINEL,unknown
,LUMATEPERONE,unknown
,BRIVOLIGIDE,unknown
,AZD7325,unknown
,PEXIDARTINIB,unknown
,MYC-TARGETING SIRNA DCR-MYC,unknown
,AZD7268,unknown
,GSK239512,unknown
,LEXGENLEUCEL-T,unknown
,DANOPREVIR,unknown
,LB80380,unknown
,TMC-649128,unknown
,MK-3281,unknown
,BF-1,unknown
,NYSTATIN,unknown
,IVABRADINE,unknown
,ANAGLIPTIN,unknown
,FLUPIRTINE,unknown
,BC-3205,unknown
,SETANAXIB,unknown
,AVI-7537,unknown
,TOSATOXUMAB,unknown
,COLISTIMETHATE,unknown
,POLYMYXIN B SULFATE,unknown
,ENFLURANE,unknown
,FANAPANEL,unknown
,TRIAMTERENE,unknown
,AVI-4557,unknown
,INAMRINONE LACTATE,unknown
,CEFORANIDE,unknown
,TENOFOVIR,unknown
,DEMECLOCYCLINE,unknown
,CAPRAVIRINE,unknown
,PRITELIVIR,unknown
,CYCLOSERINE,unknown
,NERAMEXANE,unknown
,DANUSERTIB,unknown
,BALOFLOXACIN,unknown
,CEFOZOPRAN,unknown
,VITAMIN A,unknown
,REP8839,unknown
,GABAPENTIN,unknown
,TIOMOLIBDATE CHOLINE,unknown
,TIOMOLIBDATE DIAMMONIUM,unknown
,CEFPODOXIME,unknown
,LORACARBEF,unknown
,BARBITURATE,unknown
,NITROUS OXIDE,unknown
,NEOCARZINOSTATIN,unknown
,RAMOSETRON,unknown
,TANDOSPIRONE,unknown
,DARUNAVIR,unknown
,CAPREOMYCIN,unknown
,OXYTREX,unknown
,ALTRETAMINE,unknown
,CEFTAZIDIME ANHYDROUS,unknown
,GLUTAMIC ACID,unknown
,HUPERZINE A,unknown
,SAQUINAVIR,unknown
,DENAGLIPTIN,unknown
,INDINAVIR,unknown
,RIMANTADINE,unknown
,THIOGUANINE,unknown
,FINASTERIDE,unknown
,XL019,unknown
,SULFAPYRIDINE,unknown
,CMVPP65/GB PLASMID VACCINE ASP0113,unknown
,BROSTALLICIN,unknown
,SUCCINOBUCOL,unknown
,BAL30072,unknown
,MANIDIPINE,unknown
,MUT056399,unknown
,BUTOCONAZOLE,unknown
,VAPENDAVIR,unknown
,CX-717,unknown
,LADOSTIGIL,unknown
,GANDOTINIB,unknown
,ARRY-300,unknown
,ODELEPRAN,unknown
,MK-7288,unknown
,GIRENTUXIMAB,unknown
,BRAZIKUMAB,unknown
,GEMIGLIPTIN,unknown
,IBREXAFUNGERP,unknown
,PRESATOVIR,unknown
,BECLANORSEN,unknown
,VEDOLIZUMAB,unknown
,OBILTOXAXIMAB,unknown
,CHLORIDE ION,unknown
,DELAFLOXACIN MEGLUMINE,unknown
,BALOXAVIR MARBOXIL,unknown
,MOXIDECTIN,unknown
,REVEFENACIN,unknown
,PESAMPATOR,unknown
,DEBRISOQUIN,unknown
,TROLEANDOMYCIN,unknown
,BENZYLPENICILLOYL POLYLYSINE,unknown
,GLYCOPYRRONIUM,unknown
,ESTRAMUSTINE,unknown
,PLICAMYCIN,unknown
,FLUFENAMIC ACID,unknown
,ONTAZOLAST,unknown
,CEFAMANDOLE,unknown
,HYDROQUINONE,unknown
,NALDEMEDINE,unknown
,BEGELOMAB,unknown
,EVOFOSFAMIDE,unknown
,PF-04776548,unknown
,LMP1-SPECIFIC CHIMERIC ANTIGEN RECEPTOR-EXPRESSING T LYMPHOCYTES,unknown
,PPL-100,unknown
,DELAVIRDINE,unknown
,DESOXIMETASONE,unknown
,DOCOSANOL,unknown
,ETIDRONATE DISODIUM,unknown
,HALCINONIDE,unknown
,HALOBETASOL,unknown
,MILRINONE,unknown
,OXTRIPHYLLINE,unknown
,PENICILLIN V POTASSIUM,unknown
,TERBINAFINE,unknown
,PENICILLIN G SODIUM,unknown
,CIMAGLERMIN ALFA,unknown
,CDP323,unknown
,MIRAVIRSEN,unknown
,ENSIFENTRINE,unknown
,ATL1102,unknown
,MOCLOBEMIDE,unknown
,GUAIACOL,unknown
,PROTOCATECHUALDEHYDE,unknown
,PIPERONAL,unknown
,VONOPRAZAN FUMARATE,unknown
,CLONAZEPAM,unknown
,CYCLOPHOSPHAMIDE ANHYDROUS,unknown
,EMTRICITABINE,unknown
,FELBAMATE,unknown
,ISONIAZID,unknown
,KETAMINE HYDROCHLORIDE,unknown
,KETOBEMIDONE,unknown
,LANTHANUM CARBONATE,unknown
,LINAGLIPTIN,unknown
,MEMANTINE HYDROCHLORIDE,unknown
,MIDOSTAURIN,unknown
,PERAMIVIR ANHYDROUS,unknown
,PRINOMASTAT,unknown
,SIROLIMUS,unknown
,TERIFLUNOMIDE,unknown
,ABT-239,unknown
,FISOGATINIB,unknown
,IRSENONTRINE,unknown
,ENGLITAZONE SODIUM,unknown
,LENRISPODUN,unknown
,CHEMBL:CHEMBL25083,unknown
,FILGOTINIB,unknown
,REMACEMIDE,unknown
,SUVN-G3031,unknown
,FEDRATINIB,unknown
MGMT,CARMUSTINE,unknown
MGMT,CHLORAMBUCIL,unknown
MGMT,TEMOZOLOMIDE,unknown
MGMT,LOMUSTINE,unknown
MGMT,6-O-BENZYLGUANINE,unknown
MGMT,G207,unknown
MGMT,EXATECAN MESYLATE,unknown
MGMT,FOTEMUSTINE,unknown
,MUPIROCIN CALCIUM,inhibitor
,RIFAPENTINE,inhibitor
,HETACILLIN POTASSIUM,inhibitor
,CEFUROXIME AXETIL,inhibitor
,CEFPROZIL ANHYDROUS,inhibitor
,CEPHALEXIN ANHYDROUS,inhibitor
,CEFDINIR,inhibitor
,CEFOPERAZONE SODIUM,inhibitor
,CEFPIRAMIDE SODIUM,inhibitor
,CEFTAROLINE FOSAMIL ACETATE,inhibitor
,CARBENICILLIN DISODIUM,inhibitor
,CYCLACILLIN,inhibitor
,CEFONICID SODIUM,inhibitor
,MEZLOCILLIN SODIUM,inhibitor
,OXYTETRACYCLINE CALCIUM,inhibitor
,METHACYCLINE HYDROCHLORIDE,inhibitor
,KANAMYCIN SULFATE,inhibitor
,DEMECLOCYCLINE HYDROCHLORIDE,inhibitor
,STREPTOMYCIN SULFATE,inhibitor
,CLINDAMYCIN,inhibitor
,ERYTHROMYCIN LACTOBIONATE,inhibitor
,TETRACYCLINE,inhibitor
,NETILMICIN SULFATE,inhibitor
,MECLOCYCLINE SULFOSALICYLATE,inhibitor
,NOVOBIOCIN SODIUM,inhibitor
,FIDAXOMICIN,inhibitor
,LINCOMYCIN HYDROCHLORIDE,inhibitor
,LEDIPASVIR,inhibitor
,ISAVUCONAZONIUM SULFATE,inhibitor
,MOTAVIZUMAB,inhibitor
,SULFAMETHOXYPYRIDAZINE,inhibitor
,DIRIDAVUMAB,inhibitor
,TCN-032,inhibitor
,EBROTIDINE,inhibitor
,GLECAPREVIR,inhibitor
,ACTOXUMAB,inhibitor
,HNK20,inhibitor
,CEFIDEROCOL,inhibitor
,GARENOXACIN MESYLATE,inhibitor
,FAVIPIRAVIR,inhibitor
,LUMICITABINE,inhibitor
,PIVAMPICILLIN,inhibitor
,SUVRATOXUMAB,inhibitor
,PENAMECILLIN,inhibitor
,CEFTOBIPROLE,inhibitor
,MEDI-8852,binder
,BECLABUVIR,negative modulator
,ADAFOSBUVIR,inhibitor
,NADIFLOXACIN,inhibitor
,PEFLOXACIN,inhibitor
,AFABICIN,inhibitor
,TOLEVAMER POTASSIUM SODIUM,binder
,SAMATASVIR,inhibitor
,ZABOFLOXACIN,inhibitor
,BEBTELOVIMAB,inhibitor
,VERPASEP CALTESPEN,vaccine
,UPRIFOSBUVIR,inhibitor
,VEBICORVIR,inhibitor
,PEMETREXED TROMETHAMINE,inhibitor
,METOCLOPRAMIDE HYDROCHLORIDE,unknown
,NIRAPARIB,unknown
MGMT,DOXORUBICIN HYDROCHLORIDE,unknown
MGMT,GENISTEIN,unknown
MGMT,RECOMBINANT TRANSFORMING GROWTH FACTOR-BETA 1,unknown
,AZD-8418,unknown
,S-38093,unknown
,SEVITERONEL,unknown
,BMS-986094,unknown
,BMS-955176,unknown
,NELADENOSON BIALANATE,unknown
,EXICORILANT,unknown
,FF-10101-01,unknown
,ANTIMETABOLITE FF-10502,unknown
,RETINOID X RECEPTOR AGONIST IRX4204,unknown
,DAROVASERTIB,unknown
,OPB-111077,unknown
,ORIC-101,unknown
,ME-344,unknown
,AMCASERTIB,unknown
,ERDAFITINIB,unknown
,P-P68 INHIBITOR RX-5902,unknown
,ROVAZOLAC,unknown
,CERDULATINIB,unknown
,BREPOCITINIB,unknown
,EDASALONEXENT,unknown
,VOXELOTOR,unknown
,RIVIPANSEL,unknown
,ALLOGENEIC AUTOPHAGOSOME-ENRICHED VACCINE DPV-001,unknown
,DACLATASVIR,unknown
,ASUNAPREVIR,unknown
,MBO7133,unknown
,DACOMITINIB ANHYDROUS,unknown
,AZD2927,unknown
,XEVINAPANT,unknown
,TIRBANIBULIN,unknown
,SELEGILINE,unknown
,CHEMBL:CHEMBL221877,unknown
,BRINCIDOFOVIR,unknown
,TENOFOVIR EXALIDEX,unknown
,WX-554,unknown
,EGFR ANTISENSE DNA,unknown
,PINOMETOSTAT,unknown
,ALAMIFOVIR,unknown
,DOMAGROZUMAB,unknown
,GENACONAZOLE,unknown
,BENZPHETAMINE,unknown
,NIKKOMYCIN Z,unknown
,PENICILLAMINE,unknown
,BORTEZOMIB,unknown
,OLPRINONE,unknown
,LADUVIGLUSIB,unknown
,BENZQUINAMIDE,unknown
,PIPERAZINE,unknown
,CAPECITABINE,unknown
,CEFOTIAM,unknown
,EPIGALLOCATECHIN GALLATE,unknown
,PLEVITREXED,unknown
,CEFDITOREN PIVOXIL,unknown
,NATAMYCIN,unknown
,CEFAZOLIN,unknown
,ARTEMISININ,unknown
,SULFADIAZINE,unknown
,ROLITETRACYCLINE,unknown
,PEGINTERFERON BETA-1A,unknown
,NARINGENIN,unknown
,MK-0249,unknown
,IVERMECTIN,unknown
,RILPIVIRINE,unknown
,LEXIPAFANT,unknown
,SULFONAMIDE ANTI-INFECTIVE AGENT,unknown
,ABACAVIR,unknown
,FENBUFEN,unknown
,MECHLORETHAMINE,unknown
,CGC-11047,unknown
,CLAVULANIC ACID,unknown
,SULFAMETHAZINE,unknown
,SUFENTANIL,unknown
,TRICAPRILIN,unknown
,FLAVANONE,unknown
,TEPLIZUMAB,unknown
,ALISPORIVIR,unknown
,JNJ-39220675,unknown
,LERSIVIRINE,unknown
,IRDABISANT,unknown
,BM-212,unknown
,EVOGLIPTIN,unknown
,BAVISANT,unknown
,CYRTOMINETIN,unknown
,SELURAMPANEL,unknown
,"SODIUM 2,2-DIMETHYLBUTYRATE",unknown
,MICAFUNGIN,unknown
,APIMOSTINEL,unknown
,ENTECAVIR ANHYDROUS,unknown
,MEZLOCILLIN,unknown
,TAFENOQUINE,unknown
,ESLICARBAZEPINE,unknown
,TETRODOTOXIN,unknown
,SAGE-718,unknown
,CHEMBL:CHEMBL253995,unknown
,URACIL MUSTARD,unknown
,DEULINOLEATE ETHYL,unknown
,AFACIFENACIN,unknown
,PIZOTYLINE,unknown
,AMINOFLAVONE PRODRUG AFP464,unknown
,AURANOFIN,unknown
,BECLOMETHASONE,unknown
,CILOSTAZOL,unknown
,CLOZAPINE,unknown
,L-778123,unknown
,DELDEPREVIR,unknown
,ACHN-975,unknown
,SATRAPLATIN,unknown
,PRAMICONAZOLE,unknown
,HUMAN NEUREGULIN-1 RECOMBINANT (177-237),unknown
,MURAGLITAZAR,unknown
,GLUFOSFAMIDE,unknown
,APRICITABINE,unknown
,FLUCICLATIDE F 18,unknown
,TAS-106,unknown
,GOSOGLIPTIN,unknown
,SUPEROXIDE DISMUTASE,unknown
,Y-39983,unknown
,OXALIPLATIN,unknown
,OMALIZUMAB,unknown
,CARBENICILLIN INDANYL SODIUM,unknown
,CLOFAZIMINE,unknown
,ACETOHYDROXAMIC ACID,unknown
,DOLUTEGRAVIR SODIUM,unknown
,MITOMYCIN,unknown
,DORAVIRINE,unknown
,ORPHENADRINE,unknown
,PROGABIDE,unknown
,QUERCETIN,unknown
,RALTITREXED,unknown
,SALSALATE,unknown
,TILIDINE,unknown
,TRANYLCYPROMINE,unknown
,USTEKINUMAB,unknown
,PBI-SHRNA STMN1 LIPOPLEX,unknown
,SKF-105494,unknown
,DAS-181,unknown
,DIADENOSINE TETRAPHOSPHATE,unknown
,ORTATAXEL,unknown
,PLECONARIL,unknown
,SELICICLIB,unknown
,TALAMPANEL,unknown
,SIPONIMOD,unknown
,CILENGITIDE,unknown
,FARGLITAZAR,unknown
,MONGERSEN,unknown
,GIVINOSTAT,unknown
MGMT,,unknown
,FOSFOMYCIN TROMETHAMINE,inhibitor
,BOCEPREVIR,inhibitor
,KETOCONAZOLE,inhibitor
,MICONAZOLE NITRATE,inhibitor
,SPINOSAD,agonist
,BESIFLOXACIN HYDROCHLORIDE,inhibitor
,ALATROFLOXACIN MESYLATE,inhibitor
,NORFLOXACIN,inhibitor
,SPARFLOXACIN,inhibitor
,SILVER SULFADIAZINE,inhibitor
,SULFANILAMIDE,inhibitor
,SULFACETAMIDE SODIUM,inhibitor
,SULFAMETHOXAZOLE,inhibitor
,SULFISOXAZOLE,inhibitor
,SULFAMETER,inhibitor
,CLAVULANATE POTASSIUM,inhibitor
,SULBACTAM SODIUM,inhibitor
,CEFTAZIDIME SODIUM,inhibitor
,CEFTRIAXONE SODIUM,inhibitor
,CEFEPIME HYDROCHLORIDE,inhibitor
,CEFPODOXIME PROXETIL,inhibitor
,NAFCILLIN SODIUM,inhibitor
,TELITHROMYCIN,inhibitor
,TETRACYCLINE HYDROCHLORIDE,inhibitor
,OFLOXACIN,inhibitor
,CINOXACIN,inhibitor
,GEMIFLOXACIN MESYLATE,inhibitor
,LINDANE,negative modulator
,LULICONAZOLE,inhibitor
,GRAZOPREVIR,inhibitor
,BEZLOTOXUMAB,inhibitor
,TEFIBAZUMAB,inhibitor
,CEFSULODIN,inhibitor
,RAVUCONAZOLE,inhibitor
,REMDESIVIR,inhibitor
,CILUPREVIR,inhibitor
,CEFIDEROCOL SULFATE TOSYLATE,inhibitor
,CEFTOBIPROLE MEDOCARIL,inhibitor
,CIPARGAMIN,inhibitor
,PC-786,inhibitor
,ODALASVIR,inhibitor
,RSV-604,inhibitor
,LENACAPAVIR,inhibitor
,DSM-265,inhibitor
,QUINUPRISTIN/DALFOPRISTIN,inhibitor
,TMC-647055,inhibitor
,BAMLANIVIMAB,inhibitor
,PRIMAQUINE,unknown
,TRAMETINIB DIMETHYL SULFOXIDE,unknown
,VEMURAFENIB,unknown
,LY545694,unknown
,SUPTAVUMAB,unknown
,TUCATINIB,unknown
,FEXAGRATINIB,unknown
,DEURUXOLITINIB,unknown
,PACANALOTAMAB,unknown
,RIVOGENLECLEUCEL,unknown
,RADIPRODIL,unknown
,BISEGLIPTIN,unknown
,REVUSIRAN,unknown
,INCLISIRAN,unknown
,MULTI-AGC KINASE INHIBITOR AT13148,unknown
,MAPATUMUMAB,unknown
,MELPHALAN FLUFENAMIDE,unknown
,CABOTEGRAVIR,unknown
,MIPOMERSEN,unknown
,VANIPREVIR,unknown
,VADADUSTAT,unknown
,MODITHROMYCIN,unknown
,SJG-136,unknown
,THIARABINE,unknown
,FG-2216,unknown
,ALBITIAZOLIUM BROMIDE,unknown
,VATELIZUMAB,unknown
,PAMAQUESIDE,unknown
,HYDROGEN PEROXIDE,unknown
,LACTOFERRIN,unknown
,BUDIPINE,unknown
,IDOXURIDINE,unknown
,DACTINOMYCIN,unknown
,DESMOPRESSIN,unknown
,NAPROXEN SODIUM,unknown
,THIABENDAZOLE,unknown
,CALANOLIDE A,unknown
,MUSCIMOL,unknown
,METHSCOPOLAMINE,unknown
,ESONARIMOD,unknown
,CLX-0921,unknown
,TRYPTAMINE,unknown
,TRYPAN BLUE,unknown
,MECLOCYCLINE,unknown
,TROXACITABINE,unknown
,STAVUDINE,unknown
,DAPTOMYCIN,unknown
,SGS-742,unknown
,FAMCICLOVIR,unknown
,JNJ-17216498,unknown
,ICOFUNGIPEN,unknown
,UC-781,unknown
,HT-2157,unknown
,THIOCOLCHICOSIDE,unknown
,RADOTERMIN,unknown
,GUANOSINE,unknown
,VALOPICITABINE DIHYDROCHLORIDE,unknown
,ANIDULAFUNGIN,unknown
,OLESOXIME,unknown
,DORNASE ALFA,unknown
,SENICAPOC,unknown
,RALTEGRAVIR POTASSIUM,unknown
,SULFASALAZINE,unknown
,AR-AO-14418,unknown
,LANINAMIVIR OCTANOATE,unknown
,VILDAGLIPTIN,unknown
,MELOGLIPTIN,unknown
,PARGYLINE,unknown
,DUTASTERIDE,unknown
,DACARBAZINE,unknown
,GANCICLOVIR,unknown
,AEG35156,unknown
,SCY-635,unknown
,PIPERINE,unknown
,BMS-690514,unknown
,GCS-100,unknown
,EPTIFIBATIDE,unknown
,DUTOGLIPTIN,unknown
,TRICLABENDAZOLE,unknown
,LAROMUSTINE,unknown
,HUMAN MONOCLONAL ANTIBODY B11-HCG BETA FUSION PROTEIN CDX-1307,unknown
,LTX-109,unknown
,RUPINTRIVIR,unknown
,RUXOLITINIB,unknown
,ERAVACYCLINE,unknown
,CX1739,unknown
,FAMITINIB,unknown
,GED-0507-34-LEVO,unknown
,SILMITASERTIB,unknown
,BNC-210,unknown
,DAUNORUBICIN LIPOSOMAL,unknown
,BARICITINIB,unknown
,AC430,unknown
,BMS-779788,unknown
,SOFINICLINE,unknown
,ZOLIGRATINIB,unknown
,BLINATUMOMAB,unknown
,GUSELKUMAB,unknown
,RIFAMYCIN SV,unknown
,CARIPRAZINE,unknown
,SOFOSBUVIR,unknown
,DIMETHYL FUMARATE,unknown
,OMADACYCLINE,unknown
,GILTERITINIB,unknown
,GLASDEGIB,unknown
,RAVULIZUMAB,unknown
,PF-04958242,unknown
,TAK-653,unknown
,CEFMENOXIME,unknown
,AZELAIC ACID,unknown
,MEFLOQUINE,unknown
,SANGUINARINE,unknown
,HALOPROGIN,unknown
,PIPOBROMAN,unknown
,CEFONICID,unknown
,PENICILLIN V,unknown
,RO-24-7429,unknown
,CEPHALOTHIN,unknown
,SULFACYTINE,unknown
,GORALATIDE,unknown
,IN 111 SATUMOMAB PENDETIDE,unknown
,ATG-FRESENIUS S,unknown
,FORALUMAB,unknown
,RUCLOSPORIN,unknown
,DAPSONE,unknown
,LANSOPRAZOLE,unknown
,DOXYCYCLINE ANHYDROUS,unknown
,ENFUVIRTIDE,unknown
,FLUOCINONIDE,unknown
,FLURANDRENOLIDE,unknown
,FOMIVIRSEN SODIUM,unknown
,GEMIFLOXACIN,unknown
,ITRACONAZOLE,unknown
,LEVOFLOXACIN ANHYDROUS,unknown
,LOTEPREDNOL,unknown
,MEDRYSONE,unknown
,MUPIROCIN,unknown
,NIFEDIPINE,unknown
,PANTOPRAZOLE SODIUM,unknown
,PORFIMER SODIUM,unknown
,TIPRANAVIR,unknown
,PENICILLIN,unknown
,PENICILLIN G BENZATHINE,unknown
,MECLOFENAMATE SODIUM,unknown
,FURAZOLIDONE,unknown
,HYDROXYSTILBAMIDINE ISETHIONATE,unknown
,XTL-6865,unknown
,OFRANERGENE OBADENOVEC,unknown
,CHEMBL:CHEMBL1652111,unknown
,PANOBACUMAB,unknown
,ETEPLIRSEN,unknown
,FIBRINOLYSIN,unknown
,"IMMUNOGLOBULINS, INTRAVENOUS",unknown
,ISOFLURANE,unknown
,ALANYLGLUTAMINE,unknown
,METHADONE HYDROCHLORIDE,unknown
,PENTAMIDINE,unknown
,PENTAZOCINE,unknown
,PNEUMOCOCCAL 7-VALENT CONJUGATE VACCINE,unknown
,TEICOPLANIN,unknown
,ZALCITABINE,unknown
,ZANAMIVIR,unknown
,ZOPICLONE,unknown
,CHEMBL:CHEMBL469738,unknown
,LY-2334737,unknown
,IODINE I-124 GIRENTUXIMAB,unknown
,BAZLITORAN,unknown
,K-134,unknown
,LEVONADIFLOXACIN,unknown
,VX-702,unknown
MGMT,MELPHALAN,unknown
MGMT,THIOGUANINE,unknown
MGMT,RECOMBINANT INTERFERON,unknown
MGMT,IFOSFAMIDE,unknown
MGMT,METHYLNITROSOUREA,unknown
MGMT,THERAPEUTIC GLUCOCORTICOID,unknown
MGMT,ADJUVANT,unknown
,FLUCYTOSINE,inhibitor
,PIPERONYL BUTOXIDE,inhibitor
,TICARCILLIN DISODIUM,inhibitor
,CEFUROXIME SODIUM,inhibitor
,BACAMPICILLIN HYDROCHLORIDE,inhibitor
,CEFAZOLIN SODIUM,inhibitor
,DORIPENEM,inhibitor
,CEPHALEXIN HYDROCHLORIDE,inhibitor
,AMPICILLIN (ANHYDROUS),inhibitor
,MEROPENEM ANHYDROUS,inhibitor
,PIPERACILLIN SODIUM,inhibitor
,TIGECYCLINE,inhibitor
,GENTAMICIN SULFATE,inhibitor
,CHLORAMPHENICOL PALMITATE,inhibitor
,AZITHROMYCIN,inhibitor
,TEDIZOLID PHOSPHATE,inhibitor
,AVIBACTAM SODIUM,inhibitor
,OMBITASVIR,inhibitor
,FINAFLOXACIN,inhibitor
,DACLATASVIR DIHYDROCHLORIDE,inhibitor
,TEMAFLOXACIN HYDROCHLORIDE,inhibitor
,GS-CDA1,inhibitor
,VABORBACTAM,inhibitor
,MEDI-557,inhibitor
,OZENOXACIN,inhibitor
,ERAVACYCLINE DIHYDROCHLORIDE,inhibitor
,PLAZOMICIN SULFATE,inhibitor
,GALIDESIVIR,inhibitor
,GEPOTIDACIN,inhibitor
,SULOPENEM ETZADROXIL,inhibitor
,RAZUPENEM,inhibitor
,RILEMATOVIR,inhibitor
,CADAZOLID,inhibitor
,SUTEZOLID,inhibitor
,ICLAPRIM,inhibitor
,MUREPAVADIN,inhibitor
,AFN-1252,inhibitor
,FOSMIDOMYCIN,inhibitor
,TEBIPENEM PIVOXIL,inhibitor
,FRAMYCETIN,inhibitor
,GREMUBAMAB,inhibitor
,SOTROVIMAB,inhibitor
,CRS-3123,inhibitor
,CENSAVUDINE,inhibitor
,ALBUVIRTIDE,inhibitor
,SVN53-67/M57-KLH PEPTIDE VACCINE,vaccine
,ISOSORBIDE MONONITRATE,unknown
,LAROTRECTINIB,unknown
,OLAPARIB,unknown
,AUY922,inhibitor
MGMT,CHEMOPREVENTIVE AGENT,unknown
MGMT,MAFOSFAMIDE,unknown
,FUTIBATINIB,unknown
,TLR AGONIST BDB001,unknown
,STAT3 INHIBITOR C-188-9,unknown
,SAM68 MODULATOR CWP232291,unknown
,H3B-6527,unknown
,IRX-5183,unknown
,RINETERKIB,unknown
,PRN1371,unknown
,BELZUTIFAN,unknown
,TAK-243,unknown
,JNJ-63576253,unknown
,SEL-24,unknown
,ZOTIRACICLIB,unknown
,ACELARIN,unknown
,DERAZANTINIB,unknown
,ONC201,unknown
,MIVAVOTINIB CITRATE,unknown
,RISANKIZUMAB,unknown
,FUROSEMIDE/DIGOXIN TOPICAL GEL CLS003,unknown
,LEFAMULIN,unknown
,LM-030,unknown
,NEMOLIZUMAB,unknown
,REPROXALAP,unknown
,IVOSIDENIB,unknown
,OMS405,unknown
,TOVORAFENIB,unknown
,PEFICITINIB,unknown
,"METHYL 5-[(4-TERT-BUTYLBENZOYL)AMINO]-2H-1,2,4-TRIAZOLE-3-CARBOXYLATE",unknown
,TAK-733,unknown
,AN-2718,unknown
,ARTEMISONE,unknown
,AMIKACIN,unknown
,LINCOMYCIN,unknown
,ROMIPLOSTIM,unknown
,THIAZOLIDINEDIONE,unknown
,CEPHALOSPORIN,unknown
,LEFRADAFIBAN,unknown
,FLUASTERONE,unknown
,DIHYDROCODEINE,unknown
,CHLORHEXIDINE GLUCONATE,unknown
,SULFAMIDE,unknown
,SODIUM PYRUVATE,unknown
,CEFTIZOXIME,unknown
,TIAGABINE HYDROCHLORIDE,unknown
,ROTIGAPTIDE,unknown
,AEOL-10150,unknown
,GW-695634,unknown
,PINAVERIUM BROMIDE,unknown
,CARMUSTINE IN ETHANOL,unknown
,SR2640,unknown
,NAVEGLITAZAR,unknown
,BACAMPICILLIN,unknown
,BALSALAZIDE,unknown
,LYMECYCLINE,unknown
,SIALIC ACID,unknown
,CLOXACILLIN,unknown
,CEFOTETAN,unknown
,CYSTEMUSTINE,unknown
,VISILIZUMAB,unknown
,RANPIRNASE,unknown
,CETHROMYCIN,unknown
,CEPHACETRILE,unknown
,CEPHRADINE,unknown
,DAPIVIRINE,unknown
,MACROLIDE ANTIBIOTIC,unknown
,PROCARBAZINE,unknown
,VALGANCICLOVIR,unknown
,CURCUMIN,unknown
,CHLORAMBUCIL,unknown
,FOSAMPRENAVIR,unknown
,ABATACEPT,unknown
,OXEGLITAZAR,unknown
,R411,unknown
,EPRISTERIDE,unknown
,AZD-9164,unknown
,TIDEGLUSIB,unknown
,BUDIODARONE,unknown
,VX-135,unknown
,GS-6620,unknown
,DIMIRACETAM,unknown
,CIPEMASTAT,unknown
,PIRODOMAST,unknown
,CRIZOTINIB,unknown
,SAFINAMIDE MESYLATE,unknown
,SODIUM ZIRCONIUM CYCLOSILICATE,unknown
,TILDRAKIZUMAB,unknown
,LACOSAMIDE,unknown
,TOZULERISTIDE,unknown
,BIZELESIN,unknown
,IMIDAZOLE SALICYLATE,unknown
,"NITROFURANTOIN, MACROCRYSTALS",unknown
,NITROPRUSSIDE,unknown
,VITAMIN K3,unknown
,ATEVIRDINE,unknown
,PACAP38,unknown
,LORECIVIVINT,unknown
,AVUTOMETINIB,unknown
,STX-100,unknown
,CBX-129801,unknown
,PAVINETANT,unknown
,GD2-CART01,unknown
,INDELOXAZINE,unknown
,OMACETAXINE MEPESUCCINATE,unknown
,PALIPERIDONE,unknown
,ALPHA 1-ANTITRYPSIN,unknown
,VACCINIA IMMUNE GLOBULIN,unknown
,FASORACETAM,unknown
,ADEFOVIR DIPIVOXIL,unknown
,AMOXICILLIN ANHYDROUS,unknown
,CASPOFUNGIN,unknown
,CELLULOSE SODIUM PHOSPHATE,unknown
,ENOXIMONE,unknown
,BUSULFAN,unknown
,4SC-203,unknown
,ATUVECICLIB,unknown
,SIMPINICLINE,unknown
,VIOMYCIN SULFATE,unknown
,ARBACLOFEN PLACARBIL,unknown
,VELDOREOTIDE,unknown
,FIRATEGRAST,unknown
,STM 434,unknown
,PYRITHIONE ZINC,unknown
,ARTEMOTIL,unknown
,ATOVAQUONE,unknown
,BESIFLOXACIN,unknown
,BOTULINUM TOXIN TYPE B,unknown
,EFINACONAZOLE,unknown
,LETERMOVIR,unknown
,NALTREXONE,unknown
,OSELTAMIVIR PHOSPHATE,unknown
,PROTHIONAMIDE,unknown
,THEOPHYLLINE,unknown
,VALPROIC ACID,unknown
,ROCICLOVIR,unknown
,CANERTINIB DIHYDROCHLORIDE,unknown
,L745870,unknown
,LONAFARNIB,unknown
,OCFENTANIL,unknown
,TEMPOL,unknown
,TRAXOPRODIL MESYLATE,unknown
,CLAZOSENTAN,unknown
,CUSTIRSEN,unknown
,FORIGERIMOD,unknown
,METHICILLIN SODIUM,inhibitor
,ECONAZOLE NITRATE,inhibitor
,SERTACONAZOLE NITRATE,inhibitor
,MOXIFLOXACIN,inhibitor
,ENOXACIN,inhibitor
,SULFATHIAZOLE,inhibitor
,SULFALENE,inhibitor
,ACETYL SULFISOXAZOLE,inhibitor
,SULFAMERAZINE,inhibitor
,TRIMETHOPRIM SULFATE,inhibitor
,CEFTIBUTEN,inhibitor
,SULFOXONE SODIUM,inhibitor
,NITAZOXANIDE,inhibitor
,VELPATASVIR,inhibitor
,MK-3415,inhibitor
,TUVIRUMAB,inhibitor
,VEDROPREVIR,inhibitor
,ISLATRAVIR,inhibitor
,TALAMPICILLIN,inhibitor
,ABT-072,inhibitor
,FILIBUVIR,inhibitor
,FAROPENEM MEDOXOMIL,inhibitor
,RO-0622,inhibitor
,TEGOBUVIR,inhibitor
,FLOMOXEF,inhibitor
,ARSENIC TRIOXIDE,unknown
,CETUXIMAB,unknown
MGMT,NITROSOUREA COMPOUND,unknown
,OMECAMTIV MECARBIL,unknown
,TEPILAMIDE FUMARATE,unknown
,LIPID ENCAPSULATED ANTI-PLK1 SIRNA TKM-PLK1,unknown
,CLEVUDINE,unknown
,SUN-101,unknown
,DAROLUTAMIDE,unknown
,PLINABULIN,unknown
,TALABOSTAT,unknown
,AZD9567,unknown
,IMAPRELIMAB,unknown
,MVT-5873,unknown
,DASOTRALINE,unknown
,ESKETAMINE,unknown
,BHV-5000,unknown
,SUVECALTAMIDE,unknown
,DASABUVIR,unknown
,PATISIRAN,unknown
,SEMBRAGILINE,unknown
,BELAGENPUMATUCEL-L,unknown
,RHIGM12B7,unknown
,JNJ-26483327,unknown
,FGF RECEPTOR ANTAGONIST HGS1036,unknown
,LCL161,unknown
,UAE INHIBITOR TAK-243,unknown
,TENELIGLIPTIN,unknown
,IDASANUTLIN,unknown
,AXALIMOGENE FILOLISBAC,unknown
,FLUOROURACIL,unknown
,IMATINIB,unknown
,BC-7013,unknown
,ALALEVONADIFLOXACIN,unknown
,COBITOLIMOD SODIUM,unknown
,ENARODUSTAT,unknown
,ALFIMEPRASE,unknown
,GSK-625433,unknown
,MIPICOLEDINE,unknown
,DELAFLOXACIN,unknown
,DELAMANID,unknown
,DACH-PLATIN MICELLE NC-4016,unknown
,CANDICIDIN,unknown
,NKTT-120,unknown
,BALIPODECT,unknown
,COLISTIN,unknown
,STAUROSPORINE,unknown
,SPECTINOMYCIN,unknown
,OXANTEL PAMOATE,unknown
,PENICILLIN G POTASSIUM,unknown
,DIGITOXIN,unknown
,PD173074,unknown
,TRIPTOLIDE,unknown
,KANAMYCIN A,unknown
,PEGADRICASE,unknown
,JOSAMYCIN,unknown
,LERAFAON,unknown
,NOX-700,unknown
,OXYTETRACYCLINE ANHYDROUS,unknown
,PHENYLTOLOXAMINE,unknown
,CEFACLOR ANHYDROUS,unknown
,HEMOGLOBIN RAFFIMER,unknown
,ORITAVANCIN,unknown
,S-3304,unknown
,ANDROSTERONE,unknown
,METHICILLIN,unknown
,LINAPRAZAN,unknown
,MESALAMINE,unknown
,VARENICLINE,unknown
,NBQX,unknown
,CNS-5161,unknown
,BL-1020,unknown
,NELARABINE,unknown
,TEGOPRAZAN,unknown
,MANNITOL,unknown
,ROTTLERIN,unknown
,AMDINOCILLIN PIVOXIL,unknown
,BENDAMUSTINE HYDROCHLORIDE,unknown
,TELBIVUDINE,unknown
,PENCICLOVIR,unknown
,VALACYCLOVIR,unknown
,METHYLENE BLUE ANHYDROUS,unknown
,LASOFOXIFENE,unknown
,AZD1480,unknown
,TRIENTINE,unknown
,RAXIBACUMAB,unknown
,CP-601927,unknown
,INTETUMUMAB,unknown
,VEROSUDIL,unknown
,CALCIUM CARBIMIDE,unknown
,MK-6186,unknown
,NITROFURAZONE,unknown
,GSK-3BETA INHIBITOR I,unknown
,RAMATERCEPT,unknown
,RECILISIB SODIUM,unknown
,PIMASERTIB,unknown
,RESMETIROM,unknown
,OMARIGLIPTIN,unknown
,CDRI-97/78,unknown
,UPADACITINIB,unknown
,BMS-852927,unknown
,CS-8080,unknown
,PITOLISANT,unknown
,AZLOCILLIN,unknown
,EPETRABOROLE,unknown
,NETARSUDIL,unknown
,NINTEDANIB ESYLATE,unknown
,MDX-1097,unknown
,SOLCITINIB,unknown
,MK-6325,unknown
,CDX-301,unknown
,ELVITEGRAVIR,unknown
,SIMEPREVIR,unknown
,SARECYCLINE,unknown
,RIMTUZALCAP,unknown
,BLEOMYCIN,unknown
,DIANHYDROGALACTITOL,unknown
,NETILMICIN,unknown
,CLIDINIUM,unknown
,CEFMETAZOLE,unknown
,CEFOPERAZONE,unknown
,IPAFRICEPT,unknown
,PLASMIN,unknown
,WNT SIGNALING INHIBITOR SM04755,unknown
,4SCAR-GD2-MODIFIED T-LYMPHOCYTES,unknown
,DESONIDE,unknown
,"ERGOLOID MESYLATES, USP",unknown
,ESOMEPRAZOLE SODIUM,unknown
,FLUMETHASONE PIVALATE,unknown
,LEVOPROPOXYPHENE NAPSYLATE ANHYDROUS,unknown
,OMEPRAZOLE,unknown
,PREDNICARBATE,unknown
,VALACYCLOVIR HYDROCHLORIDE,unknown
,VADIMEZAN,unknown
,FK-962,unknown
,GREPAFLOXACIN,unknown
,ABT-288,unknown
,CLORGILINE,unknown
,MRL20,unknown
,PLASMID ENCODING ANTIANGIOGENIC METARGIDIN PEPTIDE,unknown
,ETHIONAMIDE,unknown
,UMECLIDINIUM BROMIDE,unknown
,LESTAURTINIB,unknown
,MIANSERIN,unknown
,OXYBUTYNIN,unknown
,PEROSPIRONE,unknown
,POMALIDOMIDE,unknown
,TAVABOROLE,unknown
,ATESIDORSEN,unknown
,IMC-EB10,unknown
,TIMCODAR DIMESYLATE,unknown
,ALICAFORSEN,unknown
,GUSACITINIB,unknown
,GALLOPAMIL,unknown
,IMISOPASEM MANGANESE,unknown
MGMT,CISPLATIN,unknown
MGMT,CAMPTOTHECIN,unknown
MGMT,NIMUSTINE,unknown
MGMT,ANTIOXIDANT,unknown
MGMT,IRINOTECAN HYDROCHLORIDE,unknown
MGMT,RECOMBINANT CYTOKINE,unknown
MGMT,ETHACRYNIC ACID,unknown
,RIBAVIRIN,inhibitor
,RIFAXIMIN,inhibitor
,CEFMETAZOLE SODIUM,inhibitor
,CEFMENOXIME HYDROCHLORIDE,inhibitor
,CEFOTETAN DISODIUM,inhibitor
,CHLORAMPHENICOL SODIUM SUCCINATE,inhibitor
,CLINDAMYCIN HYDROCHLORIDE,inhibitor
,TETRACYCLINE PHOSPHATE COMPLEX,inhibitor
,ERYTHROMYCIN ESTOLATE,inhibitor
,CLARITHROMYCIN,inhibitor
,SULFADIMETHOXINE SODIUM,inhibitor
,PIBRENTASVIR,inhibitor
,VOXILAPREVIR,inhibitor
,RAFIVIRUMAB,inhibitor
,FORAVIRUMAB,inhibitor
,OMADACYCLINE TOSYLATE,inhibitor
,LEFAMULIN ACETATE,inhibitor
,CO-TRIMOXAZOLE,inhibitor
,CLESROVIMAB,inhibitor
,RUZASVIR,inhibitor
,DELPAZOLID,inhibitor
,GS-9256,inhibitor
,SISUNATOVIR,inhibitor
,ACORAFLOXACIN,inhibitor
,ETESEVIMAB,inhibitor
,AMUBARVIMAB,inhibitor
,ENSOVIBEP,inhibitor
,NESBUVIR,inhibitor
,FENBENDAZOLE,binder
,ISOSORBIDE DINITRATE,unknown
,CMLVAX100,unknown
,MLN-8054,unknown
,TIPELUKAST,unknown
,VLTS-589,unknown
,EFTOZANERMIN ALFA,unknown
,ABIVERTINIB,unknown
,APG-1387,unknown
,ENITOCICLIB,unknown
,BAY1436032,unknown
,LXH254,unknown
,EBVACICLIB,unknown
,PTX-100,unknown
,ABEQUOLIXRON,unknown
,GEMCITABINE-RELEASING INTRAVESICAL SYSTEM,unknown
,FOSLINANIB,unknown
,FGF401,unknown
,VISTUSERTIB,unknown
,INFIGRATINIB,unknown
,RACEMETYROSINE,unknown
,TAS-109,unknown
,PATIDEGIB,unknown
,BEXAGLIFLOZIN,unknown
,AVAPRITINIB,unknown
,VS-5584,unknown
,GGTI-2418,unknown
,PRATOSARTAN,unknown
,BEMPEDOIC ACID,unknown
,ADEFOVIR,unknown
,OXYMORPHONE,unknown
,WP-1066,unknown
,PACRITINIB,unknown
,DIHYDROTESTOSTERONE,unknown
,MDX-1303,unknown
,BINIMETINIB,unknown
,STAMULUMAB,unknown
,LANDOGROZUMAB,unknown
,MIBAMPATOR,unknown
,TESIDOLUMAB,unknown
,BETULINIC ACID,unknown
,ACRIFLAVINE,unknown
,SUPLATAST TOSILATE,unknown
,NEFLAMAPIMOD,unknown
,SUPROFEN,unknown
,SEMAPIMOD,unknown
,BIVALIRUDIN,unknown
,MOZAVAPTAN,unknown
,KETANSERIN,unknown
,AVX-470,unknown
,PIPERACILLIN ANHYDROUS,unknown
,DIGOXIN,unknown
,BMS-223131,unknown
,SYNTHETIC HYPERICIN,unknown
,APRATASTAT,unknown
,ROSTAFUROXIN,unknown
,OTILONIUM BROMIDE,unknown
,DEXTOFISOPAM,unknown
,CHARYBDOTOXIN,unknown
,GEMCITABINE ELAIDATE,unknown
,ANTI-ALPHA5BETA1-INTEGRIN ANTIBODY,unknown
,VOLOCIXIMAB,unknown
,BI-D1870,unknown
,ILOMASTAT,unknown
,HALOTHANE,unknown
,CLOFARABINE,unknown
,ALPHA-KETOTHIAZOLE ANALOGUE 36,unknown
,NERATINIB,unknown
,CLOMOCYCLINE,unknown
,COLURACETAM,unknown
,PHENELZINE,unknown
,ECALLANTIDE,unknown
,THIAMPHENICOL,unknown
,IRON-DEXTRAN COMPLEX,unknown
,DANEGAPTIDE,unknown
,VINPOCETINE,unknown
,IMRECOXIB,unknown
,AMPRENAVIR,unknown
,PEMETREXED DISODIUM,unknown
,MBX-2044,unknown
,ARHALOFENATE,unknown
,DIDANOSINE,unknown
,EPALRESTAT,unknown
,TTP889,unknown
,RASAGILINE,unknown
,CHEMBL:CHEMBL1077204,unknown
,PHENOL,unknown
,PATIROMER CALCIUM,unknown
,RRX-001,unknown
,MBL-HCV1,unknown
,BEVIRIMAT,unknown
,TIOTROPIUM,unknown
,NAFCILLIN,unknown
,NS-018,unknown
,CLEVIDIPINE,unknown
,TUROSTERIDE,unknown
,TICARCILLIN,unknown
,CHEMBL:CHEMBL253996,unknown
,DOXACURIUM,unknown
,IMIFOPLATIN,unknown
,DARIFENACIN,unknown
,DB959,unknown
,AV-101,unknown
,BEDAQUILINE FUMARATE,unknown
,NAFRONYL,unknown
,TAK-137,unknown
,CORTISONE ACETATE,unknown
,IFOSFAMIDE,unknown
,FERROQUINE,unknown
,RAVIDASVIR HYDROCHLORIDE,unknown
,BIZALIMOGENE RALAPLASMID,unknown
,APOLIZUMAB,unknown
,ALOVUDINE,unknown
,TC-2216,unknown
,VIQUIDACIN,unknown
,MELPHALAN,unknown
,TESAGLITAZAR,unknown
,BALAGLITAZONE,unknown
,SELUMETINIB,unknown
,TROVIRDINE HYDROCHLORIDE,unknown
,ALOGLIPTIN,unknown
,UMIFENOVIR,unknown
,BACLOFEN,unknown
,DEOXYRIBONUCLEASES,unknown
,FOSFOMYCIN,unknown
,GLUTATHIONE,unknown
,GRISEOFULVIN,unknown
,GUANETHIDINE,unknown
,HYLENEX,unknown
,NALMEFENE,unknown
,OLSALAZINE,unknown
,RACECADOTRIL,unknown
,RITONAVIR,unknown
,SAFINAMIDE,unknown
,TROGLITAZONE,unknown
,UNOPROSTONE,unknown
,IZONSTERIDE,unknown
,SB-1578,unknown
,LY2090314,unknown
,RALURIDINE,unknown
,S-1360,unknown
,TIPAPKINOGENE SOVACIVEC,unknown
,VAMOROLONE,unknown
,CILNIDIPINE,unknown
,CHIGLITAZAR,unknown
,IMIGLITAZAR,unknown
,MARIMASTAT,unknown
,CLOXACILLIN SODIUM,inhibitor
,SULFAPHENAZOLE,inhibitor
,TRIMETHOPRIM HYDROCHLORIDE,inhibitor
,CEPHAPIRIN SODIUM,inhibitor
,CEFAMANDOLE NAFATE,inhibitor
,DICLOXACILLIN SODIUM,inhibitor
,PERMETHRIN,blocker
,MINOCYCLINE HYDROCHLORIDE,inhibitor
,CIPROFLOXACIN HYDROCHLORIDE,inhibitor
,NALIDIXIC ACID,inhibitor
,DASABUVIR SODIUM,inhibitor
,CEFPIROME,inhibitor
,RIFAMYCIN SODIUM,inhibitor
,AMINOSALICYLATE SODIUM,inhibitor
,AMINOSALICYLATE POTASSIUM,inhibitor
,PRULIFLOXACIN,inhibitor
,PIMODIVIR,inhibitor
,BEKANAMYCIN,inhibitor
,NIRSEVIMAB,inhibitor
,FUSIDATE SODIUM,inhibitor
,NAFITHROMYCIN,inhibitor
,IMDEVIMAB,inhibitor
,ADINTREVIMAB,inhibitor
,ROMLUSEVIMAB,inhibitor
,BERSACAPAVIR,modulator
,DABRAFENIB,unknown
,PANITUMUMAB,unknown
,REGORAFENIB,unknown
,RUCAPARIB,unknown
,TALAZOPARIB,unknown
MGMT,DACARBAZINE,unknown
,AGALSIDASE BETA,unknown
,LEVOKETOCONAZOLE,unknown
,PRADEFOVIR,unknown
,ROGARATINIB,unknown
,EMBECONAZOLE,unknown
,AX-024,unknown
,INT131,unknown
,SAN-300,unknown
,HALOBETASOL PROPIONATE,unknown
,BALTALEUCEL-T,unknown
,TOFERSEN,unknown
,THYMIDYLATE SYNTHASE INHIBITOR DFP-11207,unknown
,DS-8273A,unknown
,QUILIZUMAB,unknown
,ELECLAZINE,unknown
,JB991,unknown
,ALILUSEM,unknown
,DILMAPIMOD,unknown
,LOSMAPIMOD,unknown
,DOXORUBICIN HYDROCHLORIDE,unknown
,LOPINAVIR,unknown
,CARABERSAT,unknown
,PAFURAMIDINE,unknown
,RTL-1000,unknown
,RACOTUMOMAB,unknown
,AZD-7295,unknown
,FLOTETUZUMAB,unknown
,NOLATREXED,unknown
,DIHYDROERGOTOXINE,unknown
,NETIVUDINE,unknown
,FLOXURIDINE,unknown
,HAEMOPHILUS CAPSULAR OLIGOSACCHARIDE,unknown
,CI-1040,unknown
,MITOMYCIN A,unknown
,GRAMICIDIN,unknown
,DP-VPA,unknown
,KH064,unknown
,BRIVUDINE PHOSPHORAMIDATE,unknown
,EFAPROXIRAL,unknown
,TENOFOVIR ALAFENAMIDE,unknown
,VIRULIZIN,unknown
,TRICIRIBINE,unknown
,LADIRUBICIN,unknown
,CX516,unknown
,FK-614,unknown
,MARAVIROC,unknown
,BROMFENAC,unknown
,BREXANOLONE,unknown
,CHLORZOXAZONE,unknown
,GLUCOSE-6-PHOSPHATE,unknown
,CARZINOPHILIN,unknown
,PIRARUBICIN,unknown
,ZINOSTATIN STIMALAMER,unknown
,DECITABINE,unknown
,4-PHENYLBUTYRIC ACID,unknown
,LOMUSTINE,unknown
,CEFLUPRENAM,unknown
,METHACYCLINE,unknown
,PROPOXYPHENE,unknown
,BROMAZEPAM,unknown
,ETRAVIRINE,unknown
,SEVOFLURANE,unknown
,DEXANABINOL,unknown
,MAGNESIUM,unknown
,KW-2449,unknown
,STREPTOZOCIN,unknown
,TAZOBACTAM,unknown
,CYCLOBENZAPRINE,unknown
,SAFINGOL,unknown
,FERULIC ACID,unknown
,PARABEN,unknown
,TREVOGRUMAB,unknown
,EUGENOL,unknown
,PEGLOTICASE,unknown
,PNEUMOCOCCAL 13-VALENT CONJUGATE VACCINE,unknown
,PM-00104,unknown
,RIVOGLITAZONE,unknown
,CENERSEN,unknown
,DEFERITAZOLE,unknown
,CAROTEGRAST METHYL,unknown
,BAMOSIRAN,unknown
,OLEANDRIN,unknown
,BRILACIDIN,unknown
,NOMACOPAN,unknown
,CK2-TARGETING SYNTHETIC PEPTIDE CIGB-300,unknown
,CEFTOLOZANE-TAZOBACTAM,unknown
,HYQVIA,unknown
,DICLOXACILLIN,unknown
,QUINOTOLAST,unknown
,NEXOPAMIL,unknown
,FLEZELASTINE,unknown
,ALPIDEM,unknown
,MOXALACTAM,unknown
,INOSITOL,unknown
MGMT,AZACITIDINE,unknown
,TMC-310911,unknown
,AVACINCAPTAD PEGOL,unknown
,EFAVIRENZ,unknown
,GENTAMICIN,unknown
,LAMIVUDINE,unknown
,OXAMNIQUINE,unknown
,PIROXICAM-BETA-CYCLODEXTRIN,unknown
,POLYESTRADIOL PHOSPHATE,unknown
,PRAMIPEXOLE,unknown
,ROPINIROLE,unknown
,SAMARIUM SM-153 LEXIDRONAM PENTASODIUM,unknown
,TEMOZOLOMIDE,unknown
,TIROFIBAN,unknown
,TROVAFLOXACIN,unknown
,PF-04236921,unknown
,TEMAVIRSEN SODIUM,unknown
,PENICILLIN G PROCAINE,unknown
,METRONIDAZOLE,unknown
,KNI-272,unknown
,LIPOSOME-ENCAPSULATED MIR-34 MIMIC MRX34,unknown
,AZD1446,unknown
,FRESOLIMUMAB,unknown
,OTELIXIZUMAB,unknown
,4-HYDROXYBENZALDEHYDE,unknown
,ANISALDEHYDE,unknown
,MRL24,unknown
,NUSINERSEN,unknown
,CETRAXATE,unknown
,CROFELEMER,unknown
,ISOPROPAMIDE IODIDE,unknown
,LEFLUNOMIDE,unknown
,LYPRESSIN,unknown
,PHENOBARBITAL,unknown
,PIOGLITAZONE HYDROCHLORIDE,unknown
,SAXAGLIPTIN ANHYDROUS,unknown
,SELEGILINE HYDROCHLORIDE,unknown
,SITAGLIPTIN,unknown
,SORIVUDINE,unknown
,STREPTOMYCIN,unknown
,TENOFOVIR DISOPROXIL FUMARATE,unknown
,CLEMIZOLE,unknown
,ICO-007,unknown
,THERAPEUTIC IMMUNE GLOBULIN,unknown
,SIRNA-027,unknown
,LANOPEPDEN,unknown
,INDISULAM,unknown
,ISIS 113715,unknown
,QUIZARTINIB,unknown
,TRELAGLIPTIN,unknown
